-- phpMyAdmin SQL Dump
-- version 3.2.0.1
-- http://www.phpmyadmin.net
--
-- 主机: localhost
-- 生成日期: 2014 年 10 月 07 日 14:00
-- 服务器版本: 5.1.36
-- PHP 版本: 5.3.0

SET SQL_MODE="NO_AUTO_VALUE_ON_ZERO";


/*!40101 SET @OLD_CHARACTER_SET_CLIENT=@@CHARACTER_SET_CLIENT */;
/*!40101 SET @OLD_CHARACTER_SET_RESULTS=@@CHARACTER_SET_RESULTS */;
/*!40101 SET @OLD_COLLATION_CONNECTION=@@COLLATION_CONNECTION */;
/*!40101 SET NAMES utf8 */;

--
-- 数据库: `chat`
--

-- --------------------------------------------------------

--
-- 表的结构 `friend`
--

CREATE TABLE IF NOT EXISTS `friend` (
  `main_ID` int(11) NOT NULL,
  `sub_ID` int(11) NOT NULL,
  `Time` datetime NOT NULL
) ENGINE=MyISAM DEFAULT CHARSET=gb2312;

--
-- 转存表中的数据 `friend`
--

INSERT INTO `friend` (`main_ID`, `sub_ID`, `Time`) VALUES
(2, 1, '2014-10-07 17:03:21'),
(1, 2, '2014-10-07 17:03:21'),
(1, 3, '2014-10-07 17:03:24'),
(3, 1, '2014-10-07 17:03:24'),
(1, 4, '2014-10-07 19:50:03'),
(4, 1, '2014-10-07 19:50:03'),
(6, 1, '2014-10-07 20:28:19'),
(1, 6, '2014-10-07 20:28:19'),
(5, 1, '2014-10-07 20:28:15'),
(1, 5, '2014-10-07 20:28:15');

-- --------------------------------------------------------

--
-- 表的结构 `message_all`
--

CREATE TABLE IF NOT EXISTS `message_all` (
  `ID` int(11) NOT NULL AUTO_INCREMENT,
  `text_content` text NOT NULL,
  `uID` int(11) NOT NULL,
  `uName` varchar(20) NOT NULL,
  `Time` datetime NOT NULL,
  PRIMARY KEY (`ID`)
) ENGINE=MyISAM  DEFAULT CHARSET=gb2312 AUTO_INCREMENT=83 ;

--
-- 转存表中的数据 `message_all`
--

INSERT INTO `message_all` (`ID`, `text_content`, `uID`, `uName`, `Time`) VALUES
(1, '希望大家能够充150Q币到QQ2622019935，我想通过网上虚拟币兑换现实生活用品给灾区儿童捐款！希望大家支持', 1, '浩', '0000-00-00 00:00:00'),
(2, '哈哈哈哈哈', 1, '浩', '0000-00-00 00:00:00'),
(3, '阿斯顿发送到发斯蒂芬', 1, '浩', '2014-10-21 02:13:22'),
(4, 'aaaaa', 0, 'undefined', '2014-10-07 02:32:45'),
(5, 'aaaaa', 0, 'undefined', '2014-10-07 02:32:46'),
(6, 'aaaaa', 0, 'undefined', '2014-10-07 02:32:49'),
(12, 'adf', 1, 'hhh', '0000-00-00 00:00:00'),
(11, '', 0, '', '2014-10-07 02:40:47'),
(13, 'qweqweqweqwe', 1, 'hao', '2014-10-07 02:51:28'),
(14, 'asdf', 1, '浩', '2014-10-07 11:58:12'),
(15, 'aafff ', 1, '浩', '2014-10-07 12:06:26'),
(16, '4654', 1, '浩', '2014-10-07 12:06:40'),
(17, '1321321321', 1, '浩', '2014-10-07 12:07:52'),
(18, 'asdfasdf', 1, '浩', '2014-10-07 12:08:34'),
(19, '887987', 1, '浩', '2014-10-07 12:08:45'),
(20, 'a', 1, '浩', '2014-10-07 12:08:50'),
(21, 'a', 1, '浩', '2014-10-07 12:08:51'),
(22, '123', 1, '浩', '2014-10-07 12:09:46'),
(23, 'asdf', 1, '浩', '2014-10-07 12:09:52'),
(24, '12341', 1, '浩', '2014-10-07 12:12:47'),
(25, '55', 1, '浩', '2014-10-07 12:12:53'),
(26, 'ad', 1, '浩', '2014-10-07 12:12:55'),
(27, '1', 5, 'aaa', '2014-10-07 14:10:51'),
(28, 'aaa', 1, '浩', '2014-10-07 14:32:31'),
(29, '5', 1, '浩', '2014-10-07 14:38:42'),
(30, '8', 1, '浩', '2014-10-07 14:38:44'),
(31, '8', 1, '浩', '2014-10-07 14:42:03'),
(32, '1asdf', 1, '浩', '2014-10-07 14:43:39'),
(33, 'aswe', 1, '浩', '2014-10-07 14:43:43'),
(34, 'asdf', 1, '浩', '2014-10-07 14:43:45'),
(35, 'aasdf', 1, '浩', '2014-10-07 14:44:07'),
(36, 'aaaa', 1, '浩', '2014-10-07 14:44:18'),
(37, 'aaa', 1, '浩', '2014-10-07 14:44:21'),
(38, 'aa', 1, '浩', '2014-10-07 14:45:20'),
(39, 'asdfasdf', 1, '浩', '2014-10-07 14:46:24'),
(40, 'assdff', 1, '浩', '2014-10-07 14:48:06'),
(41, 'asdf', 1, '浩', '2014-10-07 14:48:58'),
(42, 'as1123', 1, '浩', '2014-10-07 14:49:13'),
(43, 'aaaaa', 1, '浩', '2014-10-07 14:49:38'),
(44, 'awfasdf', 1, '浩', '2014-10-07 14:49:46'),
(45, 'asdfa', 1, '浩', '2014-10-07 14:49:56'),
(46, 'asdfasf', 1, '浩', '2014-10-07 14:50:11'),
(47, 'asdf', 1, '浩', '2014-10-07 14:50:48'),
(48, 'a', 1, '浩', '2014-10-07 14:50:52'),
(49, 'a2', 1, '浩', '2014-10-07 14:50:55'),
(50, 'asdf ', 1, '浩', '2014-10-07 14:51:33'),
(51, 'asdf ', 1, '浩', '2014-10-07 14:52:51'),
(52, 'a', 1, '浩', '2014-10-07 14:52:53'),
(53, 'a', 1, '浩', '2014-10-07 14:52:53'),
(54, 'a', 1, '浩', '2014-10-07 14:52:54'),
(55, 'a', 1, '浩', '2014-10-07 14:52:54'),
(56, 'hao', 1, '浩', '2014-10-07 14:56:00'),
(57, 'a', 1, '浩', '2014-10-07 19:56:43'),
(58, 'a', 1, '浩', '2014-10-07 19:56:44'),
(59, 'a', 1, '浩', '2014-10-07 19:56:45'),
(60, 'a', 1, '浩', '2014-10-07 19:57:54'),
(61, '发 送', 1, '', '2014-10-07 21:18:03'),
(62, '发 送', 1, '', '2014-10-07 21:19:11'),
(63, '发 送', 1, '', '2014-10-07 21:19:46'),
(64, '发 送', 1, '', '2014-10-07 21:21:49'),
(65, '发 送', 1, '', '2014-10-07 21:26:32'),
(66, '发 送', 1, '', '2014-10-07 21:27:17'),
(67, '发 送', 1, '', '2014-10-07 21:27:18'),
(68, '发 送', 1, '', '2014-10-07 21:27:19'),
(69, '发 送', 1, '', '2014-10-07 21:27:19'),
(70, '发 送', 1, '', '2014-10-07 21:27:19'),
(71, '发 送', 1, '', '2014-10-07 21:27:20'),
(72, '发 送', 1, '', '2014-10-07 21:27:20'),
(73, '发 送', 1, '', '2014-10-07 21:27:20'),
(74, '发 送', 1, '', '2014-10-07 21:27:20'),
(75, '发 送', 1, '', '2014-10-07 21:29:08'),
(76, '发 送', 1, '', '2014-10-07 21:29:09'),
(77, '发 送', 1, '', '2014-10-07 21:29:10'),
(78, '发 送', 1, '', '2014-10-07 21:29:11'),
(79, 'a', 1, '浩', '2014-10-07 21:29:14'),
(80, 'se', 1, '浩', '2014-10-07 21:29:15'),
(81, 'f', 1, '浩', '2014-10-07 21:29:16'),
(82, 'a', 1, '浩', '2014-10-07 21:29:17');

-- --------------------------------------------------------

--
-- 表的结构 `message_at`
--

CREATE TABLE IF NOT EXISTS `message_at` (
  `ID` int(11) NOT NULL AUTO_INCREMENT,
  `main_ID` int(11) NOT NULL,
  `sub_ID` int(11) NOT NULL,
  `text_a` text NOT NULL,
  `Time` datetime NOT NULL,
  PRIMARY KEY (`ID`)
) ENGINE=MyISAM  DEFAULT CHARSET=gb2312 AUTO_INCREMENT=14 ;

--
-- 转存表中的数据 `message_at`
--

INSERT INTO `message_at` (`ID`, `main_ID`, `sub_ID`, `text_a`, `Time`) VALUES
(1, 1, 3, 'cccc', '0000-00-00 00:00:00'),
(2, 1, 3, 'ggggg', '0000-00-00 00:00:00'),
(3, 1, 3, 'ddaad', '0000-00-00 00:00:00'),
(4, 1, 4, 'aasdf', '0000-00-00 00:00:00'),
(5, 1, 4, 'a asdf', '0000-00-00 00:00:00'),
(6, 1, 5, '发 送', '2014-10-07 21:34:05'),
(7, 5, 1, '发 送', '2014-10-07 21:34:05'),
(8, 1, 2, '发 送', '2014-10-07 21:34:45'),
(9, 2, 1, '发 送', '2014-10-07 21:34:45'),
(10, 1, 2, '发 送', '2014-10-07 21:35:20'),
(11, 2, 1, '发 送', '2014-10-07 21:35:20'),
(12, 1, 2, '1123adsf', '2014-10-07 21:36:28'),
(13, 2, 1, '1123adsf', '2014-10-07 21:36:28');

-- --------------------------------------------------------

--
-- 表的结构 `picture`
--

CREATE TABLE IF NOT EXISTS `picture` (
  `ID` int(11) NOT NULL AUTO_INCREMENT,
  `URL` varchar(50) NOT NULL,
  PRIMARY KEY (`ID`)
) ENGINE=MyISAM  DEFAULT CHARSET=gb2312 AUTO_INCREMENT=2 ;

--
-- 转存表中的数据 `picture`
--

INSERT INTO `picture` (`ID`, `URL`) VALUES
(1, './img/head/default.png');

-- --------------------------------------------------------

--
-- 表的结构 `user`
--

CREATE TABLE IF NOT EXISTS `user` (
  `uID` int(20) NOT NULL AUTO_INCREMENT,
  `uName` varchar(20) NOT NULL,
  `uPassword` varchar(20) NOT NULL,
  `uSex` int(5) NOT NULL,
  `uNickName` varchar(20) NOT NULL,
  `uRealName` varchar(20) NOT NULL,
  `uMail` varchar(20) NOT NULL,
  `uAge` tinyint(5) NOT NULL,
  `uPicId` int(20) NOT NULL DEFAULT '1',
  `Time` datetime NOT NULL,
  KEY `uPicId` (`uPicId`),
  KEY `uID` (`uID`)
) ENGINE=InnoDB  DEFAULT CHARSET=gb2312 AUTO_INCREMENT=7 ;

--
-- 转存表中的数据 `user`
--

INSERT INTO `user` (`uID`, `uName`, `uPassword`, `uSex`, `uNickName`, `uRealName`, `uMail`, `uAge`, `uPicId`, `Time`) VALUES
(1, 'whw', '123456', 1, '浩', '浩文', '648656798@qq.com', 20, 1, '0000-00-00 00:00:00'),
(2, 'whw1', '123', 1, '啊', '王浩文', '646558@d1a5d.com', 19, 1, '2014-10-07 14:08:11'),
(3, 'whw12', '123', 1, '啊', '王浩文', '646558@d1a5d.com', 19, 1, '2014-10-07 14:09:24'),
(4, 'whw123', '123', 2, '啦啦', '打', '64', 12, 1, '2014-10-07 14:09:49'),
(5, 'whw111', '123', 2, 'aaa', 'aa', 'aa', 1, 1, '2014-10-07 14:10:34'),
(6, 'whwaaaaaa', '123', 1, 'adda', 'whw', 'aaaa', 22, 1, '2014-10-07 20:27:56');

/*!40101 SET CHARACTER_SET_CLIENT=@OLD_CHARACTER_SET_CLIENT */;
/*!40101 SET CHARACTER_SET_RESULTS=@OLD_CHARACTER_SET_RESULTS */;
/*!40101 SET COLLATION_CONNECTION=@OLD_COLLATION_CONNECTION */;
